"Recall Number","Product Safety Warning Number",Date,"Product Safety Warning Date","Recall Heading","Name of product",Description,"Hazard Description","Consumer Action","Original Product Safety Warning Announcement","Remedy Type",Units,Incidents,Remedy,"Sold At Label","Sold At",Importers,Manufacturers,Distributors,"Manufactured In","Custom Label","Custom Field"
26274,26-190,"February 19, 2026","January 15, 2026","JJGoo LED Balloon Lights Recalled Due to Risk of Serious Injury or Death from Battery Ingestion; Violates Mandatory Standard for Consumer Products with Button Cell Batteries","JJGoo LED Balloon Lights","This recall involves JJGoo- branded balloon lights. The recalled, submersible lights were sold in packs of 100 LED color-changing lights. Each multi-color, blinking light measures about 0.6 inches in diameter and has 200 preinstalled LR41 batteries.""MY1005E-Colorfu1-100"" is printed on a label on the product packaging.","The recalled lights violate the https://www.cpsc.gov/Business--Manufacturing/Business-Education/Busines… standard for consumer products containing button cell or coin batteries&nbsp;because they contain button cell batteries that can be accessed easily by children, posing an ingestion hazard. Additionally, the LED lights do not have the warnings required by&nbsp;https://www.cpsc.gov/Business--Manufacturing/Business-Education/Busines…’s Law. When button cell batteries are swallowed, the ingested batteries can cause serious injuries, internal chemical burns and death.",,"WASHINGTON, D.C. – The U.S. Consumer Product Safety Commission (CPSC) is warning consumers to immediately stop using JJGoo Submersible LED Lights because the products violate the mandatory standard for consumer products containing button cell or coin batteries. The LED lights contain button cell batteries that can be accessed easily by children, posing an ingestion hazard. Additionally, the LED lights do not have the required warnings.Reese’s Law and CPSC’s implementing regulations establish performance and warning label requirements for consumer products with button cell batteries to protect children from life threatening ingestion. If a child swallows a button cell battery, it can cause serious injuries, internal chemical burns or death.&nbsp;CPSC issued a Notice of Violation to the seller,&nbsp;Shenzhen Yimu Technology Co., Ltd., doing business as JJGoo, of China. JJGoo has not agreed to recall these LED lights or offer a remedy to consumers. &nbsp;About 103,000 LED lights were sold online at Amazon.com from February 2020 through November 2025 for about $16. The LED lights may have also been sold by various third-party sellers and on other websites.&nbsp;The LED mini, round waterproof ball lights were sold in packs of 100 color-changing lights. Each ball light measures about 0.67 inches in diameter and has two preinstalled LR41 button cell batteries.&nbsp;These products were manufactured in China.CPSC urges consumers to stop using the&nbsp;LED lights immediately and dispose of them. Do not sell or give away these hazardous LED lights.&nbsp;Button cell and coin batteries are hazardous. The batteries in the submersible LED lights should be disposed of or recycled following local hazardous waste procedures.&nbsp;&nbsp;Report any incidents involving injury or product defect to CPSC at&nbsp;www.SaferProducts.gov.",Refund,"About 3,400","None reported","Consumers should stop using the recalled LED lights immediately, place them in an area that children cannot access&nbsp;and properly dispose of the batteries. Contact JJGoo for a full refund. Consumers should throw the balloon lights away and send a photo of the product in the trash to&nbsp;JJGooLEDBalloonLightsrecall@outlook.com.Note:&nbsp;Button cell and coin batteries are hazardous. Batteries should be disposed of or recycled by following local hazardous waste procedures.","Sold Online At","Amazon.com from October 2025 through November 2025 for about $10.",,,,China,Retailer:,"Shenzhen Yimu Technology Co., Ltd. dba JJGoo, of China"
26249,,"February 05, 2026",,"Dresbe LED Christmas Headbands Recalled Due to Risk of Serious Injury or Death from Battery Ingestion; Violate Mandatory Standard for Consumer Products with Button Cell Batteries","Dresbe LED Christmas Headbands","This recall involves Dresbe LED Christmas Headbands. The headbands were sold as a two-pack of novelty headbands, one red headband with candy cane attachments and a green headband with a Christmas tree attachment, each containing three button cell batteries to power LED lights. The headbands have “HB-052” and “DRESBE LED Christmas Headband (2pc)” printed on labels located on the package.&nbsp;&nbsp;","The recalled headbands violate the mandatory standard for consumer products with button cell and coin batteries because the button cell batteries in the headbands can be accessed easily by children, posing an ingestion hazard. Additionally, the packaging and product do not have the warnings required under https://www.cpsc.gov/Newsroom/News-Releases/2023/Making-Families-Safer-… lang=""EN-US"">Reese’s Law. When button cell or coin batteries are swallowed, the ingested batteries can cause serious injuries, internal chemical burns, and death.",,,Refund,"About 250 units","None reported","Consumers should stop using the recalled headbands immediately and contact Dresbe for information on how to properly dispose of the product. Consumers will need to email a photograph of disposal to dresberecall@shineprom.com to receive the refund.Note: Button cell batteries are hazardous. Batteries should be disposed of or recycled by following local hazardous waste procedures.&nbsp;&nbsp;","Sold At","Amazon.com from March 2024 through June 2025 for about $13.",,,,China,Retailer:,"Wenxi Xuefeng Technology Co., Ltd, dba Dresbe, of China"
26246,,"February 05, 2026",,"Kitosun Submersible LED Lights Recalled Due to Risk of Serious Injury or Death from Battery Ingestion; Violates Mandatory Standard for Consumer Products with Coin Batteries","Kitosun Submersible LED Lights","This recall involves Kitosun Submersible LED Lights. The LED lights include 10 color-changing LED lights, two remote controls, 20 preinstalled CR2450 lithium batteries in the lights and four preinstalled CR2032 lithium batteries in the remote controls. Each light is about 3.5 cm in diameter.&nbsp;&nbsp;","The recalled LED lights violate the mandatory standard for consumer products containing button cell or coin batteries because they contain lithium coin batteries that can be accessed easily by children, posing an ingestion hazard. Additionally, the LED lights do not have the warnings as required by https://www.cpsc.gov/Business--Manufacturing/Business-Education/Busines… lang=""EN-US"">Reese’s Law. When children swallow button cell or coin batteries, the ingested batteries can cause serious injuries, internal chemical burns, and death, posing an ingestion hazard to children.",,,Refund,"About 8,100","None reported","Consumers should immediately stop using the recalled LED lights and contact Kitosun by email with “Recall” in the subject line for disposal instructions. To receive a full refund, email a photo of the disposed product to sales@kitosun.com.&nbsp;Note: Button cell and coin batteries are hazardous. Batteries should be disposed of or recycled by following local hazardous waste procedures.&nbsp;","Sold Online At","Amazon.com from March 2024 through November 2025 for about $23.",,,,China,Retailer:,"Kitosun Original Company Limited, dba Kitosun, of China&nbsp;"
26183,,"January 15, 2026",,"Energizer Recalls Rechargeable Lanterns Due to Overheating","Energizer® Large Power Indicator Lanterns","This recall involves the Energizer® Large Power Indicator Lantern. The lantern is a cone-shaped portable light with an opaque lens and “Energizer” displayed on the side. The top portion of the lantern is gray with a large power button on top and a red handle. The model number of the lantern is BGAAL9 and the SKU number is 039800143341 or 039800143334. The model is located on the bottom of the light, on the removable cover that provides access to the charging cord storage area. The SKU is located on the packaging. Only lanterns with a date code of June 2024 located on the base of the unit, are part of this recall.&nbsp; The date code is shown using two circles, one circle has an arrow pointing to the year (“24”), and the other has an arrow pointing to the month (“6”).","The lithium-ion batteries installed in the lanterns can overheat, posing a burn hazard to consumers.",,,Refund,"About 4,100","The firm reported one incident of the lithium-ion battery in a lantern overheating. No injuries have been reported.","Consumers should immediately stop using the recalled lanterns and contact Energizer for instructions on how to receive a full refund. Consumers will be asked to register for the recall by providing proof of the affected date code. Consumers will then be sent prepaid shipping materials to return their recalled lantern. Once the lantern is returned, consumers will be issued a refund.&nbsp;Note: Do not throw this recalled lithium-ion battery or device in the trash, the general recycling stream (e.g., street-level or curbside recycling bins), or used battery recycling boxes found at various retail and home improvement stores. Recalled lithium-ion batteries must be disposed of differently than other batteries, because they present a greater risk of fire. Your municipal household hazardous waste (HHW) collection center may accept this recalled lithium-ion battery or device for disposal. Before taking your battery or device to a HHW collection center, contact that office ahead of time and ask whether it accepts recalled lithium-ion batteries. If it does not, contact your municipality for further guidance.”","Sold At","Meijer, Blain, and Fleet Wholesale stores nationwide and online at Amazon.com between January and November 2025 for between $35 to $45. In addition, approximately 100 lanterns were distributed to reviewers through the Bazaarvoice marketing program.","Energizer Holdings, Inc., of Clayton, Missouri",,,China,,
26179,,"January 08, 2026",,"Isla Rae Magnetic Wireless Chargers Recalled Due to Fire and Burn Hazards; Sold by TJX at T.J. Maxx and Marshalls Stores","Isla Rae Magnetic Wireless Chargers","This recall involves magnetic wireless chargers sold under the Isla Rae brand. The chargers are compatible with magnetic charging systems and attach magnetically to the back of a phone to charge the device. The chargers were sold in the following colors: white, pink, and purple. The model number “RM5PBM” can be found on the side of the magnetic wireless charger, below the markings “5000 mAh 3.7V.”&nbsp;Note:&nbsp;Do not throw this recalled lithium-ion battery or device in the trash, the general recycling stream (e.g., street-level or curbside recycling bins), or used battery recycling boxes found at various retail and home improvement stores. Recalled lithium-ion batteries must be disposed of differently than other batteries, because they present a greater risk of fire. Your municipal household hazardous waste (HHW) collection center may accept this recalled lithium-ion battery or device for disposal. Before taking your battery or device to a HHW collection center, contact that office ahead of time and ask whether it accepts recalled lithium-ion batteries. If it does not, contact your municipality for further guidance.","The chargers can explode while in use, posing a fire and burn hazard.",,,Refund,"About 13,200 (In addition, about 7,000 units were sold in Canada)","None reported","Consumers should immediately stop using the recalled magnetic wireless chargers and go to&nbsp;https://www.recallrtr.com/powerbank to register for the recall and for instructions on how to receive a full refund. After registering, consumers should dispose of the power bank in accordance with local and state regulations and not discard it in the household trash.","Sold At","Marshalls and T.J. Maxx stores nationwide between June 2024 and November 2025 for $15.","Hello to Green dba Press Play Products of Bell, California",,,China,Retailer:,"The TJX Companies Inc., of Framingham, Massachusetts"
26135,,"December 05, 2025",,"INIU Recalls Power Banks Due to Fire and Burn Hazards; Sold on Amazon","INIU BI-B41 Power Banks","This recall involves INIU 10,000mAh portable power banks, model BI-B41. The recalled power banks have a black or blue case and the INIU logo and a paw-print LED light are on the front. The model and serial number are printed on the back of the power bank at the bottom. Only portable power banks with serial numbers 000G21, 000H21, 000I21 and 000L21 are included in this recall.Note: Do not throw this recalled lithium-ion battery or device in the trash, in the general recycling stream (e.g., street-level or curbside recycling bins), or in used battery recycling boxes found at various retail and home improvement stores. Recalled lithium-ion batteries must be disposed of differently than other batteries, because they present a greater risk of fire. Your municipal household hazardous waste (HHW) collection center may accept this recalled lithium-ion battery or device for disposal. Before taking your battery or device to a HHW collection center, contact that office ahead of time and ask whether it accepts recalled lithium-ion batteries. If it does not, contact your municipality for further guidance.","The lithium-ion battery in the recalled power banks can overheat and ignite, posing fire and burn hazards to consumers.",,,Refund,"About 210,000","INIU has received 15 reports of power banks overheating, including 11 reports of fires that resulted in three minor burn injuries and property damage totaling over $380,000.","Consumers should stop using the recalled power banks immediately and visit INIU’s recall page at&nbsp;https://iniushop.com/pages/recall-b41# to verify the product serial number and register for a full refund.","Sold Online At","Amazon.com from August 2021 and April 2022 for about $18.",,"Shenzhen Topstar Industry Co., Ltd., of China",,China,Retailer:,"INIU, of Seattle, Washington"
26131,,"December 04, 2025",,"KTEBO Writing Tablet Toys Recalled Due to Risk of Serious Injury or Death from Battery Ingestion; Violates Mandatory Standard for Toys; Sold on Amazon by KTEBO","KTEBO Writing Tablet Toy","This recall involves KTEBO-branded Writing Tablet Toys. The products were sold in sets of two and came in four color variations (pink/blue, green/yellow, orange/blue, purple/red) and two sizes (8.5 inches and 10 inches) with a matching-colored stylus.","The recalled toys violate the https://cpsc.gov/Business--Manufacturing/Business-Education/Toy-Safety""… lang=""EN-US"">mandatory standard for toys because the screw used to secure the battery compartment that contains a button cell battery does not remain attached as required. When button cell or coin batteries are swallowed, the ingested batteries can cause serious injuries, internal chemical burns, and death.",,,Replace,"About 10,380","None reported","Consumers should immediately stop using the recalled writing tablet toys and contact KTEBO for a free replacement set of tablet toys. Consumers should write “RECALLED” on the back of both tablet toys that came in the set, take a photo of the marked tablet toys, and submit the photos to writing-tablet-recall@ktebo.com&nbsp; with “Recall Proof” and their name in the subject line.&nbsp;&nbsp;&nbsp;Note: Button cell batteries are hazardous. Batteries should be disposed of or recycled by following local hazardous waste procedures.","Sold Online At","Amazon.com from September 2025 through October 2025 for between $8 and $30.",,,,China,Retailer:,"Banghe Guangzhou International Trade Co., Ltd., dba KTEBO, of China"
26090,,"November 13, 2025",,"Belkin Recalls Portable Power Banks and Wireless Charging Stands Due to Fire and Burn Hazards","Portable Power Banks and Wireless Charging Stands","This recall involves charging stands with model number MMA008 and power banks with model numbers BPB002 and PB0003. Model number “MMA008” is printed on the bottom of the charging stand. Serial numbers (14 digits) starting with “57X” are included in this recall and are also printed on the bottom of the charging stand. Model number “BPB002” is printed on the back top of the power bank. Serial numbers (14 digits) starting with “35S” are included in this recall and are also printed on the back of the power bank. Model number “PB0003” is printed on the back of the power bank. All serial numbers are included in this recall. Both the charging stands and BPB002 power banks were sold in black. The PB0003 power banks were sold in black or white.","The lithium-ion battery in the power banks and charging stands can overheat, posing fire and burn hazards to consumers.",,,Refund,"About 83,500 (In addition, about 2,385 were sold in Canada)","The firm has received one report of a fire incident in the U.S. (and 15 reports internationally). Two minor burn injuries and property damage totaling $37,765 have been reported outside of the U.S.","Consumers should immediately stop using the recalled power banks and charging stands and contact Belkin to receive a full refund or store credit. Consumers should submit photos showing the front and back of the product with their recall submission form. Consumers can receive a full refund for the amount on the purchase receipt, if provided. If no receipt is provided, consumers can receive the average sales price for the model. Alternatively, consumers can choose to receive a Belkin store credit worth 20 percent more than the average sales price of the model.&nbsp;Note: Do not throw this recalled lithium-ion battery or device in the trash, the general recycling stream (e.g., street-level or curbside recycling bins), or used battery recycling boxes found at various retail and home improvement stores. Recalled lithium-ion batteries must be disposed of differently than other batteries, because they present a greater risk of fire. Your municipal household hazardous waste (HHW) collection center may accept this recalled lithium-ion battery or device for disposal. Before taking your battery or device to a HHW collection center, contact that office ahead of time and ask whether it accepts recalled lithium-ion batteries. If it does not, contact your municipality for further guidance.","Sold At","Best Buy, Target, Walmart and other stores nationwide and online at Belkin.com, Amazon.com and on Tiktok from August 2020 through August 2025 for between $29 and $180.",,"Belkin International Inc., of El Segundo, California",,"Vietnam (MMA008) and China (BPB002 and PB0003)",,
26089,,"November 13, 2025",,"Great Lakes Wholesale International Recalls Select Battery Packs Due to Battery Ingestion; Violates Federal Statute for Child-Resistant Packaging of Button Cell and Coin Batteries","Great Lakes Select Button Cell and Coin Batteries","This recall involves Great Lakes Select Battery Packs, each of which displays the name “Great Lakes Select” on the back of the packaging, and the item number on the front of the packaging:Item NumberDescriptionBattery TypeItem Price Range00263Pack of six (6)CR2032$0.65 to $1.1000264Pack of nine (9)CR2016/ CR2032/ CR2025$1.10 to $1.5000265Pack of nine (9)CR2032$0.89 to $1.5000271Pack of thirty (30)Mixed$0.96 to $1.5000272Pack of forty (40)Mixed Super Alkaline$1.65 to $2.2500276Pack of twenty-four (24)LR44/357 Super Alkaline$1.10 to $1.50","The button cell and lithium coin batteries are not in child-resistant packaging and do not bear the warning labels required under&nbsp;https://www.cpsc.gov/Newsroom/News-Releases/2023/Making-Families-Safer-…’s Law. If a child swallows button cell or coin batteries, the ingested batteries can cause serious injuries, including internal chemical burns and death.",,,Refund,"About 32,600","None reported","Consumers should stop using the Great Lakes Select Battery Packs immediately, place them in an area that children cannot access and contact Great Lakes Wholesale International to obtain a full refund.&nbsp;Note:&nbsp;Button cell and coin batteries are hazardous. Batteries should be disposed of or recycled by following local hazardous waste procedures.","Sold At","Downeast Wholesalers Renys, International Wholesale, Lots &amp; More, Northwoods Wholesale Outlet, a Ben Franklin store in Tennessee, and other stores nationwide from September 2024 through August 2025 for between $0.65 and $2.25.",,,"Great Lakes Wholesale International of Lockport, Illinois",China,,
26011,,"October 09, 2025",,"ESR HaloLock Wireless Power Banks Recall Expanded to Include Additional Model Due to Fire and Burn Hazards; Distributed by Waymeet","ESR HaloLock Wireless Power Banks","This recall expansion includes ESR HaloLock wireless power banks with model number 2G505, in addition to models 2G520, 2G505B and 2G512B, which were&nbsp;previously recalled. “ESR"" is printed on the back and the model numbers are printed on the right side of the pocket-size power banks. Model 2G505 was sold in black and white. Models 2G520, 2G505B and 2G512B were sold in dark blue, light blue, gray, white and black. All recalled models have five circular LED display lights on one side.","The lithium-ion battery in the recalled power banks can overheat and ignite, posing fire and burn hazards to consumers.",,,Refund,"About 19,500 (In addition, about 2,015 were sold in Canada). Waymeet previously recalled 24,000 power banks on August 14, 2025 (In addition, 9,900 were sold in Canada that were covered in the August recall).","The firm has received 20 reports of the lithium-ion battery catching fire and exploding, resulting in property damage of about $30,000. No injuries have been reported.","Consumers should immediately stop using the recalled power banks and contact Waymeet for a full refund. Consumers will be asked to send to support@esrtech.com their order number (not required) and a photo of the recalled power bank showing the model number with the word “Recalled” written on it in permanent marker. Consumers should dispose of the power banks in accordance with local and state hazardous waste disposal regulations.Note: Do not throw this recalled lithium-ion battery or device in the trash, the general recycling stream (e.g., street-level or curbside recycling bins), or used battery recycling boxes found at various retail and home improvement stores. Recalled lithium-ion batteries must be disposed of differently than other batteries, because they present a greater risk of fire. Your municipal household hazardous waste (HHW) collection center may accept this recalled lithium-ion battery or device for disposal. Before taking your battery or device to a HHW collection center, contact that office ahead of time and ask whether it accepts recalled lithium-ion batteries. If it does not, contact your municipality for further guidance.&nbsp;","Sold At","Amazon.com (all models), Esrtech.com (all models) and Homedepot.com (models 2G520, 2G505B and 2G512B only), from September 2022 through July 2025 for between $32 and $50.",,,"Waymeet Limited, of Hong Kong",China,,
26002,,"October 02, 2025",,"Zyntony Recalls Kogalla Power Banks Due to Fire and Burn Hazards; Sold on Kogalla.com","BP125, BatPak 2F and BatPak 3F Power Banks","This recall involves Kogalla-branded power banks, models BP125, BatPak 2F and BatPak 3F. The recalled rechargeable USB power banks have 6,700mAh, 13,400mAh or 20,100mAh lithium-ion batteries and were sold separately and included with Kogalla trail lights. The Kogalla logo is printed on the front of the power banks. The model number appears on the back of the power banks. Power banks model BP125 have a black USB-A jack and models BatPak 2F and 3F have orange USB-A jacks.&nbsp;Note:&nbsp;Do not throw this recalled lithium-ion battery or device in the trash, the general recycling stream (e.g., street-level or curbside recycling bins), or used battery recycling boxes found at various retail and home improvement stores. Recalled lithium-ion batteries must be disposed of differently than other batteries, because they present a greater risk of fire. Your municipal household hazardous waste (HHW) collection center may accept this recalled lithium-ion battery or device for disposal. Before taking your battery or device to a HHW collection center, contact them ahead of time and ask whether it accepts recalled lithium-ion batteries. If they don’t, contact your municipality for further guidance.","The recalled power banks’ lithium-ion batteries can overheat and ignite, even when not in use, posing fire and burn hazards.",,,Replace,"About 2,400","Zyntony has received two reports of lithium-ion battery overheating and catching fire, even when not in use, resulting in one minor burn injury and property damage, totaling about $3,300.","Consumers should immediately stop using the recalled power banks and contact Kogalla for instructions on how to receive a free replacement power bank, including shipping. Consumers will be asked to fill out the online form at https://rtn.kogalla.com/products/request-batpak-replacement. Consumers should immediately dispose of the recalled power banks, in accordance with local and state regulations.","Sold At","Kogalla.com from June 2024 to January 2025 for the BP125 and BatPak2F power banks and trail lights sold with those power bank models and from August 2024 to January 2025 for the BatPak3F power banks and trail lights sold with that model. The power banks sold for between $45 and $90 and the trail lights with power banks sold for between $180 and $230.","Zyntony Inc. of Draper, Utah",,,China,,
25470,,"September 18, 2025",,"Arizer Solo II Portable Vaporizers Recalled Due to Fire and Burn Hazards; Imported by 7111495 Canada","Arizer Solo II portable electronic vaporizer devices","This recall involves the Arizer Solo II, a portable electronic vaporizer device powered by an internal lithium-ion battery. The unit features a rigid anodized aluminum housing and is available in Carbon Black and Mystic Blue finishes. It includes a front-facing digital display for temperature and device settings, with a stainless steel heating chamber and removable glass components. Only vaporizers with a serial number starting with “M2” are included in this recall. The serial number is etched on the bottom of the device. UPC 628078800836 is printed on the product packaging.","The internal lithium-ion battery can overheat, produce smoke, and/or eject material, posing fire and burn hazards.",,,Replace,"About 5,460 (in addition, about 2,820 were sold in Canada)","The firm has received nine reports of the battery overheating, producing smoke, or ejecting material. No injuries have been reported.","Consumers should immediately stop using the Arizer Solo II portable vaporizers and contact 7111495 Canada for a free replacement. Customers whose serial number is confirmed as impacted will receive a free Solo II MAX replacement and wax to be used for disposal. The recalled unit must be disabled by inserting the provided wax into the charging port, then disposed of at a local hazardous waste or battery recycling facility in accordance with local regulations.&nbsp;Note: Do not throw this recalled lithium-ion battery or device in the trash, the general recycling stream (e.g., street-level or curbside recycling bins), or used battery recycling boxes found at various retail and home improvement stores. Recalled lithium-ion batteries must be disposed of differently than other batteries, because they present a greater risk of fire. Your municipal household hazardous waste (HHW) collection center may accept this recalled lithium-ion battery or device for disposal. Before taking your battery or device to a HHW collection center, contact that office ahead of time and ask whether it accepts recalled lithium-ion batteries. If it does not, contact your municipality for further guidance.","Sold At","Specialty, health and wellness, and adult novelty stores nationwide and on arizer.com from June 2024 through July 2025 for about $170.","7111495 Canada Inc., dba Arizer Tech, of Waterloo, Ontario ",,,China,,
25449,,"August 28, 2025",,"CT-ENERGY Lithium Coin Battery Chargers Recalled Due to Risk of Serious Injury or Death from Battery Ingestion; Violations of Standard for Coin Battery Products and Statute for Battery Packaging; Imported by CT New Energy Technology","CT-ENERGY Lithium Coin Battery Chargers with Rechargeable 2032 Batteries","This recall involves CT-ENERGY Lithium Coin Battery Chargers with model number “nc-02”. The product includes the charger, four rechargeable 2032 lithium-ion batteries, and a USB cable. The brand name “CT-ENERGY” is on the front of the product and the model number “nc-02” is printed on the back.","The recalled battery charger violates the mandatory standard for consumer products containing button cell or coin batteries because the charger has lithium coin batteries that can be accessed easily by children. In addition, the coin batteries provided with the battery charger are not in child-resistant packaging, and the packaging does not have the warnings as required by Reese’s Law. When button cell or coin batteries are swallowed, the ingested batteries can cause serious injuries, internal chemical burns and death.",,,"Refund, Replace, Repair","About 1,100","None reported","Consumers should immediately stop using the charger and remove the batteries and place them in an area that children cannot access. Contact CT New Energy Technology for a full refund, Child-Resistant Safety Case, or replacement kit. The complimentary repair kits and replacement kits will be available after August 30, 2025. Consumers will be asked to submit photos of the batteries’ destruction completely submerged in tap water to info@ct-energy.cn. Soaking the batteries in water for 24 hours discharges the battery.Note: Button cell and coin batteries are hazardous. Batteries should be disposed of or recycled by following local hazardous waste procedures.","Sold At","Amazon.com and Walmart.com from March 2024 through May 2025 for about $17",,,,China,Retailer:,"CT (Foshan) New Energy Technology Co., Ltd. (dba CT-Energy), of China"
25437,,"August 14, 2025",,"ESR HaloLock Wireless Power Banks Recalled Due to Fire and Burn Hazards; Distributed by Waymeet","ESR HaloLock Wireless Power Banks","This recall involves ESR HaloLock wireless power banks with model numbers 2G520, 2G505B and 2G512B. “ESR"" is printed on the back and the model number is printed on the right side of the pocket-size power banks. They were sold in dark blue, light blue, gray, white and black. All recalled models have five circular LED display lights on one side.","The lithium-ion battery in the recalled power banks can overheat and ignite, posing fire and burn hazards to consumers.",,,Refund,"About 24,000 (In addition, about 9,900 were sold in Canada)","The firm has received nine reports of the lithium-ion battery catching fire and exploding, resulting in property damage of about $20,000. No injuries have been reported.","Consumers should immediately stop using the recalled power banks and contact Waymeet for a full refund. Consumers will be asked to send to support@esrtech.com their order number (not required) and a photo of the recalled power bank showing the model number with the word “Recalled” written on it in permanent marker. Consumers should dispose of the power banks in accordance with local and state hazardous waste disposal regulations.Note: Do not throw this recalled lithium-ion battery or device in the trash, the general recycling stream (e.g., street-level or curbside recycling bins), or used battery recycling boxes found at various retail and home improvement stores. Recalled lithium-ion batteries must be disposed of differently than other batteries, because they present a greater risk of fire. Your municipal household hazardous waste (HHW) collection center may accept this recalled lithium-ion battery or device for disposal. Before taking your battery or device to a HHW collection center, contact that office ahead of time and ask whether it accepts recalled lithium-ion batteries. If it does not, contact your municipality for further guidance.","Sold At","Amazon.com, Homedepot.com and Esrtech.com from September 2023 through July 2025 for between $32 and $40.",,,"Waymeet Limited, of Hong Kong",China,,
25390,,"July 17, 2025",,"iStore Magnetic Wireless Power Banks Recalled Due to Fire and Burn Hazards; Imported by Tomauri","iStore Magnetic Wireless Power Banks (IST-09991/W05 model only)","This recall involves the iStore Magnetic Wireless Power Bank, 5000 mAh portable charger. Only model number IST-09991/W05 power banks are included in the recall. The iStore logo is engraved on the front side of the power bank, and the model number is printed on the back, as shown in the photos above. Some units may also have the word “iStore” printed above the model number. The power banks are compatible with various mobile devices, and measure 3 inches by 2 inches by 0.25 inches and weigh around 3.2 ounces. The product was sold with a USB-C to USB-C cable that measures about 12 inches long.Note: Do not throw this recalled lithium-ion battery or device in the trash, the general recycling stream (e.g., street-level or curbside recycling bins), or used battery recycling boxes found at various retail and home improvement stores. Recalled lithium-ion batteries must be disposed of differently than other batteries, because they present a greater risk of fire. Your municipal household hazardous waste (HHW) collection center may accept this recalled lithium-ion battery or device for disposal. Before taking your battery or device to a HHW collection center, contact that office ahead of time and ask whether it accepts recalled lithium-ion batteries. If it does not, contact your municipality for further guidance.","The lithium-ion battery in the recalled power banks can overheat and ignite while charging, posing fire and burn hazards to consumers.",,,Refund,"About 8,520 (An additional 6,400 were sold in Canada)","The firm has received three reports of the wireless power banks overheating and exploding while they were charging, including one incident that resulted in a minor burn to the victim’s arm. The firm received reports of property damage of about $15,000.","Consumers should immediately stop using the recalled wireless portable power bank and go to the firm’s website to participate in the recall. Consumers will be asked to submit two photographs via email to recall@istore.co. The first photograph should be the front of the power bank with the word “Recalled” and the date written on it with permanent marker. The second photograph should include the model number, which is located on the back of the power bank.&nbsp;A purchase receipt will be requested but will not be required to participate in the recall. Consumers should immediately dispose of the power banks in accordance with local and state hazardous waste disposal regulations.","Sold At","Vending machines and stores located in various airport locations nationwide and online at iStore.co from February 2023 through May 2025 for between $46 and $65.&nbsp;","Tomauri Inc., of Ontario, Canada",,,China,,
25355,,"June 26, 2025",,"DR Power Recalls Lithium-Ion Battery Packs Due to Fire and Burn Hazards","DR Power LiPRO rechargeable lithium-ion battery packs (5.0 Ah)","This recall involves&nbsp;62-volt 5.0 Ah LiPRO rechargeable lithium-ion battery packs for use with DR Power brand battery-powered products, such as lawnmowers, trimmers and snow throwers. The products include stand-alone battery packs with model number 414240, and removeable battery packs included with DR Power outdoor yard equipment items with model numbers 524340, SB11022XEN, T4X3026XEN, T4X3062XENR, CE75021XEN0 and CE77021XEN0. Information containing the model number for the battery pack (“41424”) is located on the battery pack’s label. The LiPRO and DR Power logo are on the front and side panels of the battery pack.Note:&nbsp;Do not throw this recalled lithium-ion battery or device in the trash, the general recycling stream (e.g., street-level or curbside recycling bins), or used battery recycling boxes found at various retail and home improvement stores. Recalled lithium-ion batteries must be disposed of differently than other batteries, because they present a greater risk of fire. Your municipal household hazardous waste (HHW) collection center may accept this recalled lithium-ion battery or device for disposal. Before taking your battery or device to a HHW collection center, contact that office ahead of time and ask whether it accepts recalled lithium-ion batteries. If it does not, contact your municipality for further guidance.","The recalled battery packs can short-circuit and ignite, posing fire and burn hazards to consumers.",,,Refund,"About 13,200","The firm has received two reports of incidents of fire and/or overheating. No injuries have been reported.","Consumers should immediately stop using the recalled battery packs and contact DR Power for a pro-rated refund, based on the battery’s age. Consumers will need to show proof of the battery pack’s destruction by uploading two photographs in accordance with the destruction instructions (provided on the firm’s recall website), and filling out the recall form online at&nbsp;https://www.drpower.com/5AHB-recall. If consumers choose to dispose of the recalled battery pack’s lithium-ion battery, it should be done in accordance with local and state regulations.&nbsp;","Sold At","Home improvement and hardware stores nationwide and online at DRPower.com and CountryHomeProducts.com from April 2018 through July 2024 for between $300 and $700 for outdoor equipment that includes battery packs, and for $250 for battery packs sold individually.&nbsp;","Generac Power Systems Inc., of Waukesha, Wisconsin","Ningbo New Team Import &amp; Export Co. Ltd. (“Lera”), of China",,China,,
25338,,"June 12, 2025",,"More than One Million Anker Power Banks Recalled Due to Fire and Burn Hazards; Manufactured by Anker Innovations","Anker PowerCore 10000 power banks (model A1263 only)","This recall involves Anker PowerCore 10000 power banks with model number A1263.&nbsp;The brand name “Anker” is engraved on the front of the product. The model number “A1263” and serial number “SN” are printed on the bottom. Only model number A1263 power banks sold in the U.S. with qualifying serial numbers are included in the recall. Consumers should check their serial number at&nbsp;https://www.anker.com/product-recalls to determine whether their power bank is included in the recall.Note: Do not throw this recalled lithium-ion battery or device in the trash, in the general recycling stream (e.g., street-level or curbside recycling bins), or in used battery recycling boxes found at various retail and home improvement stores. Recalled lithium-ion batteries must be disposed of differently than other batteries, because they present a greater risk of fire. Your municipal household hazardous waste (HHW) collection center may accept this recalled lithium-ion battery or device for disposal. Before taking your battery or device to a HHW collection center, contact it ahead of time and ask whether it accepts recalled lithium-ion batteries. If it does not, contact your municipality for further guidance.","The lithium-ion battery in the power bank can overheat, posing fire and burn hazards to consumers.",,,Replace,"About 1,158,000","Anker has received 19 reports of fires and explosions. This includes two reports of minor burn injuries not requiring medical attention and 11 reports of property damage totaling over $60,700.","Consumers should immediately stop using the recalled power banks and contact Anker Innovations for instructions on receiving a free replacement power bank. Visit&nbsp;https://www.anker.com/product-recalls to register for the recall. To receive a replacement, consumers will be required to submit a photo of their recalled power bank showing the model number, serial number, their name, the date of the photograph, and the word “recalled” written on the power bank in permanent marker. A purchase receipt will be requested but will not be required to participate in the recall. Consumers will also be required to confirm disposal of the power bank in accordance with applicable laws and regulations before receiving a replacement.","Sold At","Online at Anker, Amazon, Newegg and Ebay from June 2016 through December 2022 for about $27.",,"Anker Innovations Limited, of China",,China,,
25304,,"May 29, 2025",,"iWALK Magnetic Wireless Power Banks Recalled Due to Fire and Burn Hazards; Manufactured by U2O Global","iWALK Magnetic Wireless Power Banks","This recall involves iWALK Magnetic Wireless Power Banks. “iWALK” is printed on the front of each power bank, and the model numbers and serial numbers are printed on the back. The pocket-sized power banks are compatible with various devices and were sold in a variety of colors.&nbsp; All recalled models include a circular LED display screen on the front to reflect the remaining power of the power bank.&nbsp; Models DBL6000M and DBL6000P include a circular phone holder ring above the LED display screen.&nbsp; The following model numbers and serial numbers are included in this recall.Model NumberSerial NumbersMXB008GK2309880, GK2309899, GK2310154, GK2310155, GK2310157, GK2310160, GK2310346, GK2311108, GK2311109, GK2311110, GK2311315, GK2311396DBL6000M / DBL6000PGK2309901, GK2309902, GK2309903, GK2310005, GK2310006, GK2310163, GK2310165, GK2311388, GK2312035, GK2312036, GK2312282, GK2312461, GK2312462, GK2312737, GK2312770, GK2401164, GK2401564, GK2403407, GK23081458, GK23081460, GK23081462Note: Do not throw this recalled lithium-ion battery or device in the trash, in the general recycling stream (e.g., street-level or curbside recycling bins), or in used battery recycling boxes found at various retail and home improvement stores. Recalled lithium-ion batteries must be disposed of differently than other batteries, because they present a greater risk of fire. Your municipal household hazardous waste (HHW) collection center may accept this recalled lithium-ion battery or device for disposal. Before taking your battery or device to a HHW collection center, contact that office ahead of time and ask whether they accept recalled lithium-ion batteries. If it does not, contact your municipality for further guidance.","The lithium-ion batteries in the recalled power banks can overheat and ignite, posing a risk of serious injury or death from fire and burn hazards to consumers.",,,Refund,"About 27,500","The firm has received 15 reports of the lithium-ion battery catching fire, resulting in 10 burn injuries.","Consumers should immediately stop using the recalled power banks and contact U2O Global for a full refund. To receive a refund, consumers should send a photo of the recalled power bank, showing the model number and the serial number, with “Recalled” written on the power bank in permanent marker to U2O Global by email at&nbsp;service@iwalk.net. Consumers should dispose of the recalled power banks in accordance with local hazardous waste disposal procedures.","Sold At","Online at iWalkMall.com, Amazon.com and other e-commerce websites from July 2021 through March 2024 for between $20 and $57.",,"U2O Global Co. Ltd., of China",,China,,
25248,,"May 01, 2025",,"Baseus Portable Chargers Recalled Due to Fire Hazard; Sold on Amazon.com by Shenzhen Baseus Technology","Baseus 65W 30000mAh Portable Chargers (model number BS-30KP365)","This recall involves&nbsp;Baseus 65W 30000mAh portable chargers with model number BS-30KP365 and a serial number ending in the number 0 through 9 or the letter “D.” The recalled portable chargers were sold in black and white and have “65w” printed on the front. The bottom contains a printed label with the brand name “Baseus,” the model number “BS-30KP365,” and the serial number, beginning “SN.”Note: Do not throw this recalled lithium-ion battery or device in the trash, in the general recycling stream (e.g., street-level or curbside recycling bins), or in used battery recycling boxes found at various retail and home improvement stores. Recalled lithium-ion batteries must be disposed of differently than other batteries, because they present a greater risk of fire. Your municipal household hazardous waste (HHW) collection center may accept this recalled lithium-ion battery or device for disposal. Before taking your battery or device to a HHW collection center, contact them ahead of time and ask whether they accept recalled lithium-ion batteries. If they don’t, contact your municipality for further guidance.","The lithium-ion battery in the recalled portable chargers can overheat, posing a fire hazard.",,,Replace,"About 55,380","Baseus has received 76 reports of incidents involving the portable chargers, including 72 reports of bulging and four reports of fire, including three reports of property damage.","Consumers should immediately stop using the recalled&nbsp;portable chargers&nbsp;and contact Baseus to receive a free replacement charger. The replacement portable charger will have the same model number (BS 30KP365) and a different serial number ending in the letter “A.” Consumers will need to submit a photo of the recalled portable charger showing the model number and serial number to the firm’s&nbsp;recall registration page. Consumers without an order number will need to submit a photo of the portable charger with their name and date written on the portable charger in permanent marker. Visit&nbsp;https://www.baseus.com/pages/recall_select_BS-30KP365 to register and get instructions on how to receive a free replacement. To receive a replacement, consumers will be required to confirm disposal of the portable charger in accordance with applicable laws and regulations.","Sold At","Online at Amazon.com, AliExpress.com, Walmart.com and Baseus.com from April 2020 through April 2025 for between $39 and $90.","Shenzhen Baseus Technology Co. Ltd., of China",,,China,,
25232,,"April 24, 2025",,"AliExpress Recalls LED Strip Lights Due to Risk of Serious Injury or Death from Ingestion Hazard; Violations of Reese’s Law Federal Safety Regulations for Consumer Products with Coin Batteries; Sold on AliExpress.com","LED Strip Lights","This recall involves RGB-branded LED strip lights powered with button batteries. The color-changing, dimmable lights measure about 0.4 inches long and were sold in white, warm white, blue, ice blue, green, red, yellow, purple and pink.&nbsp;&nbsp;","The recalled lights violate the mandatory federal regulations for consumer products designed to use button cell or coin batteries because the strip lights allow easy access by children to the lithium coin batteries, posing an ingestion hazard. In addition, the recalled products do not have the required warnings. When button cell or coin batteries are swallowed, the ingested batteries can cause serious injuries, internal chemical burns and death.",,,Refund,"About 390","None reported","Consumers should stop using the recalled LED strip lights immediately and contact AliExpress to receive a full refund. Consumers should destroy the lights by cutting them in half and disposing of them. Consumers must send a photo of the destroyed lights to us_product_recall@aliexpress.com or&nbsp;by replying to the recall email sent by AliExpress. AliExpress is contacting all known purchasers directly.Note:&nbsp;Button cell and coin batteries are hazardous. Batteries should be disposed of or recycled by following local hazardous waste procedures.","Sold At","Aliexpress.com from March 2024 through November 2024 for about $3.",,,,China,"Recalling Firm:","AliExpress, of San Mateo, California"
25227,,"April 17, 2025",,"Casely Recalls Wireless Portable Power Banks Due to Fire and Burn Hazards","Casely Wireless Portable Power Banks","This recall involves Casely Power Pods 5000mAh portable MagSafe wireless phone charger with model number E33A. ""Casely"" is engraved on the front side of the plate on the right side, and model number E33A is printed on the back. The pocket-sized power pods are compatible with various devices. The pods were sold in a variety of colors and prints. The pods measure 3 x 2 x 0.25 inches and weigh around 3.2 ounces.&nbsp;Note: Do not throw this recalled lithium-ion battery or device in the trash, in the general recycling stream (e.g., street-level or curbside recycling bins), or in used battery recycling boxes found at various retail and home improvement stores. Recalled lithium-ion batteries must be disposed of differently than other batteries, because they present a greater risk of fire. Your municipal household hazardous waste (HHW) collection center may accept this recalled lithium-ion battery or device for disposal. Before taking your battery or device to a HHW collection center, contact them ahead of time and ask whether they accept recalled lithium-ion batteries. If they don’t, contact your municipality for further guidance.&nbsp;","The lithium-ion battery in the recalled power banks can overheat and ignite, posing fire and burn hazards to consumers.&nbsp;",,,Replace,"About 429,200","The firm has received 51 consumer reports of the lithium-ion battery overheating, expanding or catching fire while they were charging their phones, resulting in six minor burn injuries.","Consumers should immediately stop using the recalled wireless portable power banks and contact Casely for a free replacement. To receive the free replacement, consumers should go to the firm’s website and fill out the online form and submit two photographs; one should be the front of the power bank with the word “Recalled” on it and the date written in permanent marker. The second photograph should have the model number on it, which is located on the back of the power bank. Then upload the photos to the firm’s website at&nbsp;https://www.getcasely.com/pages/2025-recall. Consumers should immediately dispose of the power banks in accordance with local and state regulations. Proof of purchase (receipt) is not required. Casely is contacting all known purchasers directly.","Sold At","Online at getcasely.com, Amazon.com and other e-commerce websites from March 2022 through September 2024 for between $30 and $70.","Casely Inc., of Brookyln, New York",,,China,,
25190,,"March 20, 2025",,"VC Group Recalls Wireless Portable Power Banks with Lithium-Ion Batteries Due to Fire and Burn Hazards","VC Group MagSafe Wireless Power Pack Portable Power Banks","This recall involves 5,000 mAh wireless portable power banks for electronic charging of MagSafe compatible phones and earphones. ""Velvet Caviar"" is engraved on the front plate and printed on the bottom on the back with model number ZHX-PB21. The PO numbers 1 through 10 (PO-PP001 to PO-PP010) are marked on the back. Power Packs that do not have a PO number are also subject to this recall.&nbsp;Note:&nbsp;Recalled lithium-ion batteries should be disposed of in accordance with any local and state ordinances, following the procedures established by your municipal recycling center for damaged/defective/recalled lithium batteries, because these potentially hazardous batteries must be handled differently than other batteries. Do not throw this recalled power bank in the trash. Do not deposit this recalled power bank in used battery recycling boxes found at various retail and home improvement stores.","The lithium-ion battery in the recalled power banks can overheat and ignite, posing fire and burn hazards to consumers.",,,Replace,"About 89,500","The firm has received 19 reports of the product overheating or catching on fire, resulting in 10 minor injuries.","Consumers should immediately stop using the recalled wireless portable power banks and contact VC Group for a free replacement power bank. To receive a replacement, consumers will be required to provide photographs of their power bank with the word “Recalled” written in permanent marker before uploading them to the firm’s website at&nbsp;https://velvetcaviar.com/pages/magsafe-battery-pack-recall. Consumers should dispose of the power banks in accordance with local and state regulations.","Sold Exclusively At","Online at velvetcaviar.com and Amazon.com from November 2022 through October 2024 for about $65.",,"VC Group, of Brooklyn, New York",,China,,
25169,,"March 13, 2025",,"Sublue Recalls Lithium-Ion Batteries Sold for Sublue Mix Underwater Scooters Due to Fire Hazard","Sublue Mix underwater scooters and replacement batteries (black batteries only)","This recall involves certain Sublue Mix underwater scooter lithium-ion batteries and replacement batteries. The scooters are used for gliding through water. The batteries covered by the recall are black only. The scooters were sold in arctic white, space blue and aqua blue. The scooters have “Sublue” printed on the top and “Whiteshark Mix Underwater Scooter” printed on the side. The battery compartment is located on the underside of the scooter.","The lithium-ion batteries can overheat and ignite, posing a fire hazard to consumers.",,,Replace,"About 40,370","Sublue has received 161 reports of thermal and swelling incidents involving the lithium-ion batteries, including eight reports of fire, one report of injury, and two reports of property damage totaling $651,400.","Consumers should stop using the scooters with the recalled batteries immediately and contact Sublue for a free new generation battery replacement (gray battery). Sublue will provide a battery collection kit for the consumer to return the recalled battery and will provide the replacement battery upon return of the recalled battery.Note: Do not throw this recalled battery in the trash or in used battery recycling boxes found at various retail and home improvement stores. Recalled lithium-ion batteries should be disposed of in accordance with any local and state ordinances, following the procedures established by municipal recycling centers for damaged, defective, or recalled lithium batteries, because these potentially hazardous batteries must be handled differently than other batteries.&nbsp;","Sold At","Online at www.amazon.com, www.costco.com, www.sublue.com, www.westmarine.com and other websites from June 2018 through February 2025 for approximately $550 (scooters) and $150 (replacement batteries).","Sublue Technology Inc., of Walnut, California",,,China,,
25142,,"February 20, 2025",,"Fjorden iPhone Camera Grips Recalled Due to Battery Ingestion Hazard; Violation of Reese’s Law Federal Safety Regulations for Consumer Products with Coin Batteries; Sold Exclusively on shop.fjorden.co by Fjorden Electra AS","Fjorden iPhone Camera Grips","This recall involves the Fjorden iPhone Camera Grip. The black rectangular grips attach to an iPhone to feel like a real camera and aid with taking photographs.","The recalled camera grips violate the mandatory federal regulation for consumer products containing button cell and coin batteries because, when the product is dropped, the battery tray can separate from its compartment, making the lithium coin battery easily accessible by children. If button cell or coin batteries are swallowed, the ingested batteries can cause serious injuries, internal chemical burns, and death.",,,Replace,"About 546","None reported","Consumers should stop using the recalled camera grip immediately and place it in an area that children cannot access. Contact Fjorden Electra AS to obtain a free replacement of the button cell battery tray and instructions. Fjorden Electra AS is notifying all known purchasers directly.Note:&nbsp;Button cell and coin batteries are hazardous. Batteries should be disposed of or recycled by following local hazardous waste procedures.","Sold At","Exclusively online at shop.fjorden.co from March 2024 through May 2024 for about $122.",,,,China,Retailer:,"Fjorden Electra AS, of Norway"
25111,,"January 30, 2025",,"Greater Goods Recalls Digital Kitchen Scales Due to Ingestion Hazard; Violations of Reese’s Law Federal Safety Regulations for Consumer Products with Coin Batteries and Child Resistant Coin Battery Packaging","Greater Goods Digital Kitchen Scales","This recall involves Greater Goods Digital Kitchen Scales, models: 0480, 0455, 0456, 0458, 0473, 0479, 0481, 0747, 0748, 0749, 0751, 0752, 0754.&nbsp;They are labeled with a sticker with the brand and model printed on the back and come in gray, black, blue, green, pink, red, silver and white colors. The Greater Goods logo is located on the top of the front panel of the scale.&nbsp;The scales come with a lithium CR3032 coin battery pre-installed and a spare CR3032 battery in the packaging.","The recalled digital kitchen scales violate the mandatory federal regulations for consumer products containing button cell or coin batteries, because the scale has a lithium coin battery that can be easily accessed by children, and a spare coin battery provided with the product not in child resistant packaging, as required by Reese’s Law. These violations pose an ingestion hazard. The recalled scales also do not have the required warnings. When button cell or coin batteries are swallowed, the ingested batteries can cause serious injuries, internal chemical burns, and death.",,,Repair,"About 349,500","None reported","Consumers should immediately remove the battery in the digital kitchen scale and place it in an area that children cannot access. Contact Greater Goods for information on how to receive a free recall kit, which includes a new replacement battery door that can be secured to the scale, the required labeling, and an updated instruction manual. Greater Goods, Amazon and Walmart are contacting all known purchasers directly.Note:&nbsp;Button cell and coin batteries are hazardous. Batteries should be disposed of or recycled by following local hazardous waste procedures.","Sold At","Online at Amazon, Walmart and Greater Goods from May 2023 through September 2024 for about $10.","Greater Goods LLC, of Saint Louis, Missouri ",,,China,,
25072,,"December 19, 2024",,"Charmast Power Banks Recalled Due to Fire and Burn Hazards; Sold by Charmast Exclusively on Amazon.com","Charmast power banks, model W1056","This recall involves Charmast power banks, model W1056. They were sold in black, blue, green, mint, pink and white colors. The brand name “Charmast” is printed on the front and “Model: W1056” is printed on the back.Note: Recalled lithium-ion batteries should be disposed of in accordance with any local and state ordinances, following the procedures established by your municipal recycling center for damaged/defective/recalled lithium batteries, because these potentially hazardous batteries must be handled differently than other batteries. Do not throw this recalled power bank in the trash. Do not deposit this recalled power bank in used battery recycling boxes found at various retail and home improvement stores.","The lithium-ion battery in the recalled power banks can overheat and ignite, posing fire and burn hazards to consumers.",,,Refund,"About 488,000","Charmast has received 44 reports of the recalled power banks expanding, igniting, melting, overheating or smoking, including four reports of consumers receiving burns or blisters.","Consumers should stop using the recalled power banks immediately and contact Charmast for instructions on how to receive a full refund. To receive a refund, consumers will be required to provide photographs of their model W1056 power bank, their names and dates of the photograph written in indelible (permanent) marker above the label, and the severed power cord. Consumers should dispose of the power banks in accordance with local and state regulations.","Sold At","Online at Amazon.com from December 2018 through September 2024 for between $14 and $25.",,,,China,Retailer:,"Shenzhen Charmast Technology Co. Ltd., of China"
25071,,"December 19, 2024",,"Chervon North America Recalls SKIL 40V 5.0Ah Lithium-Ion Batteries for SKIL Lawnmowers and Outdoor Tools Due to Fire and Burn Hazard","SKIL 40V 5.0 Ah Lithium-Ion Batteries","This recall involves SKIL brand&nbsp;40V 5.0Ah&nbsp;Lithium-Ion Batteries that were manufactured before May 1, 2021. “SKIL” and “PWRCORE 40” are printed on the batteries. The recalled batteries were sold individually under the model number BY8708-00 for use with all SKIL 40V tools and were also sold in a combination kit with&nbsp;SKIL 40V Brushless 20-in Push Mowers (Model #PM 4910-10) or SKIL 40V Brushless 20-in Self-Propelled Mowers (Model #SM4910-10).&nbsp;Only the battery&nbsp;is recalled. The model number BY8708-00 and manufacturing date code, which is the first three digits of the 9-digit serial number, are located on a nameplate on the top of the battery pack near the battery terminals. The following manufacturing date codes are included:Date Code (in Serial Number)Manufacturing Date&nbsp;911XXXXXXNov-19912XXXXXXDec-19026XXXXXXJun-20027XXXXXXJul-20028XXXXXXAug-20029XXXXXXSep-20030XXXXXXOct-20031XXXXXXNov-20121XXXXXXJan-21122XXXXXXFeb-21123XXXXXXMar-21124XXXXXXApr-21","The lithium-ion batteries can overheat, posing fire and burn hazards.",,,"Refund, Replace","About 63,000 (In addition, about 359 in Canada)","The firm has received 100 reports of thermal incidents involving the batteries including overheating, melting, smoking and fire. These included eight reports of minor burns and/or smoke inhalation and 49 reports of related property damage.","Consumers should immediately stop using the recalled lithium-ion batteries and contact Chervon for a free replacement or refund for the price of the battery. Consumers should register for the recall online at&nbsp;www.skil.com/recalls.&nbsp;Chervon will provide a battery collection kit for the consumer to return the recalled battery and will provide the requested remedy upon return of the recalled battery.&nbsp;","Sold At","Lowe’s and other hardware and home improvement stores nationwide and online at Amazon.com, Walmart.com and Lowes.com from October 2019 through December 2024 for about $170 (for batteries sold individually) and about $400 (for combination kits with lawnmowers).","Chervon North America Inc., of Naperville, Illinois",,,China,,
25066,,"December 12, 2024",,"HTRC C240 Battery Chargers Recalled Due to Fire and Burn Hazards; Risk of Serious Injury and Death; Manufactured by Shenzhen Haitan Technology Co.","HTRC C240 battery chargers","This recall involves HTRC C240 battery chargers sold for charging lithium-ion batteries. The defective chargers are black with two blue screens, numbered 1 and 2, and the model identifier “C240 DUO” printed between the screens. The brand name “HTRC” is printed at the bottom left corner.","The chargers can ignite or cause a connected battery to ignite, posing fire and burn hazards and risk of serious injury and death.",,,Refund,"About 34,600","HTRC has received 32 reports of fire and other thermal incidents, including five reports of significant property damage and one report of injury.","Consumers should immediately stop using the recalled chargers and contact HTRC for instructions on how to return the chargers for a full refund.","Sold At","AliExpress.com, Amazon.com, Banggood.com, eBay.com, HTRC-Direct.com and RCGoing.com from December 2017 through June 2024 for between $65 and $290.",,"Shenzhen Haitan Technology Co. Ltd., d/b/a HTRC, of China",,China,,
25061,,"December 05, 2024",,"Belkin Recalls Portable Wireless Battery Chargers for Smart Watches Due to Fire Hazard","Belkin BoostCharge Pro Fast Wireless Charger Power Banks 10K","This recall involves Belkin BoostCharge Pro Fast Wireless Charger portable 10K power banks with model number BPD005. The model number is printed on the back top of the power bank.&nbsp; The serial number is also printed on the back of the product, will be a total of 14 digits, and start with the numbers and letter “57V”. They were sold in black. The power banks have a white magnetic charger for smart watches. “Belkin” is written in white on the front of the power banks.&nbsp;Note:&nbsp;Recalled lithium-ion batteries should be disposed of in accordance with any local and state ordinances,&nbsp;following&nbsp;the procedures established by your municipal recycling center for damaged/defective/recalled lithium batteries,&nbsp;because&nbsp;these potentially hazardous batteries must be handled differently&nbsp;than other batteries. Do not throw this recalled battery in the trash. Do not deposit this recalled battery in used battery recycling boxes found at various retail and home improvement stores.","The lithium-ion batteries in the recalled power banks can overheat, posing a fire hazard.",,,Refund,"About 4,000 (In addition, about 62 were sold in Canada)","The firm has received one report of the recalled power bank catching fire, resulting in a house fire involving property damage.","Consumers should immediately stop using the recalled power banks and contact Belkin to receive a full refund or store credit. Consumers will need to submit photos showing the front and back of the power bank with their recall submission form.&nbsp; Consumers should dispose of the lithium-ion battery in accordance with local and state regulations and not in household trash.","Sold At","Online at Amazon.com, belkin.com and other websites from May 2023 through June 2024 for about $100.","Belkin International Inc.¸ of El Segundo, California",,,China,,
25035,,"November 07, 2024",,"Quad Lock MAG Battery Pack Recalled Due to Fire Hazard; Imported by Quad Lock","MAG Battery Packs","This recall involves the Quad Lock MAG Battery Pack wireless portable charger. The power bank is a wireless portable charger, equipped with chargeable lithium-ion batteries and were sold in black. The power banks measure three inches long and two inches wide. Quad Lock is stamped in the plastic on the front and the model number is stamped on the back of the battery pack.&nbsp;Note:&nbsp;Recalled lithium-ion batteries should be disposed of in accordance with any local and state ordinances, following the procedures established by your municipal recycling center for damaged/defective/recalled lithium batteries, because these potentially hazardous batteries must be handled differently than other batteries. Do not throw this recalled battery in the trash. Do not deposit this recalled battery in used battery recycling boxes found at various retail and home improvement stores.","The battery pack in the chargers can overheat, posing a fire hazard.",,,Refund,"About 13,700 (In addition, about 1,580 were sold in Canada)","Quad Lock has received 39 reports of incidents in the United States, including three reports of fire and 36 reports of smoking, melting, cracking or swelling, resulting in two reports of property damage. Quad Lock has received 170 reports of incidents internationally, including four reports of fire and 166 reports of smoking, melting, cracking or swelling, resulting in one report of property damage.","Consumers should immediately stop using the recalled battery packs, remove them from the charger and contact Quad Lock for a full refund of the purchase price&nbsp;or a store credit. Visit&nbsp;www.quadlockcase.net/recall to participate in the recall. Consumers should dispose of lithium-ion batteries in accordance with local and state regulations and not in the trash.","Sold At","Online at www.quadlockcase.com and www.amazon.com and through various third-party sellers worldwide from April 2023 through September 2024 for between $60 and $80.","Annex Products Pty Ltd., dba Quad Lock, of Australia",,,China,,
25026,,"October 31, 2024",,"Humane Recalls Charge Case Accessory for Ai Pin Due to Lithium Battery Fire Hazard","Humane Charge Case Accessory for Ai Pin","This recall involves the Humane Charge Case Accessory. The Charge Case Accessory charges the Humane Ai Pin. The Ai Pin is an AI-powered multi-modal wearable device. The Charge Case Accessory contains a lithium polymer rechargeable battery pack that is charged via a USB-C charge port. The Charge Case Accessory is chrome with the Humane logo in gray on the back of the case. The Charge Case Accessory measures about 2 ¾ x 1 ½ x 2 ¼ inches. This recall only includes the Humane Charge Case Accessory and no other Humane products.Note:&nbsp;Recalled lithium-ion batteries should be disposed of in accordance with local and state ordinances, following the procedures established by your municipal recycling center for damaged/defective/recalled lithium batteries, because these potentially hazardous batteries must be handled differently than other batteries. Do not throw this recalled battery in the trash. Do not deposit this recalled battery in used battery recycling boxes found at various retail and home improvement stores.","The lithium battery in the recalled Charge Case Accessory can overheat, posing a fire hazard.",,,"Dispose, No Remedy Available","About 10,500","The firm has received one report of a charge case overheating and melting during charging. No injuries or property damage have been reported.","The remedy is no longer available. Consumers should immediately stop using the recalled charge case accessory for Ai Pin, destroy and discard it.","Sold At","Online at humane.com from November 2023 through May 2024. The Charge Case Accessory was sold with the Humane Ai Pin Complete System for between $700 and $800 and sold separately for about $150.","Humane Inc., of San Francisco, California",,,China,,
25011,,"October 17, 2024",,"Anker Power Banks Recalled Due to Fire and Burn Hazards; Manufactured by Anker Innovations","Anker Power Banks","This recall involves Anker Power Banks with model numbers A1642, A1647 and A1652. The power bank can be used as a portable electronic charging device for smartphones, tablets, and laptops with a 12W (A1642), 15W(A1647), 20W(A1652) maximum output. Anker is engraved on the front and the model numbers A1642, A1647 and A1652 are located on the back of the power bank.&nbsp;Note: Recalled lithium-ion batteries should be disposed of in accordance with any local and state ordinances, following the procedures established by your municipal recycling center for damaged/defective/recalled lithium batteries, because these potentially hazardous batteries must be handled differently than other batteries. Do not throw this recalled battery in the trash. Do not deposit this recalled battery in used battery recycling boxes found at various retail and home improvement stores.","The lithium-ion battery in the power banks can overheat, posing fire and burn hazards.",,,Replace,"About 2,100","The firm has received 28 reports of incidents of the batteries overheating, exploding, and the power bank catching on fire. Two injuries which included first and second degree burns to the consumer’s hands have been reported.","Consumers should immediately stop using the recalled power banks and contact Anker Innovations for instructions on receiving a free replacement power bank. Visit https://www.anker.com/product-recalls to register for the recall. Consumers should dispose of the lithium-ion batteries in accordance with local and state regulations.","Sold At","Best Buy, Target, NEXT TRADING SAS, C2 Wireless and K Spider Inc. stores nationwide, and online at Amazon.com, ebay.com, AAliExpress.com, and Walmart.com, from January 2024 through July 2024 for between $40 and $60.",,"Anker Innovations Limited, of Hong Kong, China",,China,,
24352,,"August 29, 2024",,"Glow in Dark Party Supplies Toy Sets Recalled Due to Ingestion Hazard; Violation of Federal Regulations for Battery-Operated Toys; Sold Exclusively on Amazon.com by OleOleToy","Glow in Dark Party Supplies Toy Sets","This recall involves Glow in Dark Party Supplies Toy Sets with button cell batteries. The toy sets include 250 glow sticks, 12 foam glow sticks, 12 LED glasses and 12 bunny ear headbands, and come in various colors.","The recalled Glow in Dark Supplies Toy Sets violate the mandatory federal battery-operated toy regulation because the Bunny Ears Headbands found in the sets contain button cell batteries that can be easily accessed without requiring the use of a common household tool. When button cell batteries are swallowed, the ingested batteries can cause serious injuries, internal chemical burns and death, posing an ingestion hazard to children.",,,Refund,About 984,"None reported","Consumers should immediately stop using the recalled Bunny Ears Headbands found in Glow in Dark Party Supplies Toy Sets and take them away from children. Consumers should cut the battery compartment off the Bunny Ears Headbands and contact OleOleToy for instructions on how to receive a full refund. Button cell batteries are hazardous. Batteries should be disposed of or recycled by following local procedures for hazardous household waste. Amazon is notifying all known purchasers directly.","Sold At","Exclusively online at Amazon.com from December 2023 through March 2024 for about $40.","Yiwu Shanshi Trading Co. Ltd., of China",,,China,Retailer:,"OleOleToy, of China"
24350,,"August 29, 2024",,"HALO 1000 Portable Power Stations Recalled Due to Serious Fire and Burn Hazards; One Death Reported; Imported by ZAGG; Sold by ACG, QVC and ZAGG","HALO 1000 Portable Power Stations","Washington, D.C. --&nbsp;The U.S. Consumer Product Safety Commission (CPSC) is announcing the recall of HALO 1000 Portable Power Stations sold by ZAGG Inc. (ZAGG), of Midvale, Utah, Alliance Consumer Group (ACG), of Roanoke, Texas, and retailer QVC Inc., of West Chester, Pennsylvania. A 79-year-old man in Bradenton, Florida died from smoke inhalation from a fire involving the recalled portable power station in his home in June 2022.In addition to the death, the firms have collectively received four reports of fires involving the HALO 1000 Portable Power Station, including two reports of smoke inhalation one of which included burn injuries.&nbsp;ZAGG, ACG and retailer QVC sold about 5,740 units of the portable power stations from&nbsp;October 2021 through March 2022 for between $1,000 and $1,300.&nbsp;The portable power stations are high-capacity lithium-ion battery power banks with three USB-A charge ports, a USB-C fast charge port, three AC outputs, two DC outputs, a DC socket, an LCD display, a built-in flood light, and a collapsible handle. The following HALO&nbsp;1000 Portable Power Stations are included in this recall:&nbsp;Product Description/ColorModel NumberSKUUPCStone GrayPS-1000801108111840056145528CarbonPS-1000801108112840056145535Desert SandPS-1000801108113840056145542Midnight BluePS-1000801108114840056145559Woodland GreenPS-1000801108115840056145566The model number, SKU number and UPC are located on the bottom of the product. Units sold by QVC subject to the recall were sold under QVC item number E235474.Consumers are urged to stop using the portable power stations immediately, cut the power cord, and contact the firm for a free replacement. &nbsp;Note: Recalled lithium-ion batteries should be disposed of in accordance with any local and state ordinances, following the procedures established by your municipal recycling center for damaged/defective/recalled lithium batteries, because these potentially hazardous batteries must be handled differently than other batteries. Do not throw this recalled battery in the trash. Do not deposit this recalled battery in used battery recycling boxes found at various retail and home improvement stores.The portable power stations were imported by ZAGG and manufactured by&nbsp;Shenzhen DBK Electronics Co. Ltd.,&nbsp;of China.CPSC urges consumers to report any related incidents to the agency at&nbsp;www.SaferProducts.gov.","The lithium-ion batteries in the HALO 1000 Portable Power Station can overheat, posing fire and burn hazards that can lead to serious injury or death.",,,Replace,"About 5,740","A 79-year-old man in Bradenton, Florida died from smoke inhalation from a fire involving the recalled portable power station in his home in June 2022.In addition to the death, the firms have collectively received four reports of fires involving the HALO 1000 Portable Power Station, including two reports of smoke inhalation, one of which included burn injuries.","Consumers should immediately stop using the portable power stations, and contact the HALO Recall hotline for a free replacement portable power station.","Sold At","ZAGG, ACG and retailer QVC sold about 5,740 units of the portable power stations from October 2021 through March 2022 for between $1,000 and $1,300.","ZAGG Inc. (ZAGG), of Midvale, Utah","Shenzhen DBK Electronics Co. Ltd.,&nbsp;of China",,China,,
24344,,"August 15, 2024",,"IKEA Recalls VARMFRONT Power Banks Due to Fire Hazard","VARMFRONT Power Banks","This recall involves two IKEA VARMFRONT Power Banks with model numbers E2037 and E2038. The power banks are blue in color. Model E2037 has one USB-A port, one USB-C port, measures about four inches long and two inches wide, and has one of the following date codes (YYWW): 2318, 2319, 2322. Model E2038 has two USB-A ports, one USB-C port, measures about four inches long and three inches wide, and has one of the following date codes (YYWW): 2313, 2316, 2318, 2319. The model number is listed at the top of the back side of the power banks, and date code is printed on the bottom of the back side of the power banks.","The power banks can overheat, posing a fire hazard.",,,"Refund, Replace","About 1,600 (In addition, about 1,690 were sold in Canada) ","IKEA has received three incident reports globally. No injuries have been reported. Additionally, no incidents or injuries have been reported in the U.S.","Consumers should immediately stop using the recalled banks and return them to any IKEA store for a free replacement product or for a full refund. If you are unable to return it to a store, contact IKEA for instructions on how to dispose of the VARMFRONT Power Bank to receive a full refund. Proof of purchase (receipt) is not required to receive a full refund.","Sold At","IKEA stores nationwide and online at www.IKEA.com from July 2023 through March 2024 through between $17 and $30.","IKEA Supply AG, of Switzerland",,,China,Retailer:,"IKEA US Retail LLC, of Glen Allen, Virginia"
24287,,"June 27, 2024",,"Baseus Magnetic Wireless Charging Power Banks Recalled Due to Fire Hazard; Imported by Shenzhen Baseus Technology","Baseus Magnetic Wireless Charging Power Banks","This recall involves Baseus power banks with model numbers PPCXM06 and PPCXW06. Both PPCXM06 and PPCXW06 were offered in white, black, light blue, and light pink colors. Both models have a magnetic side that attaches to mobile phones with magnetic charging functionality. The model number is displayed on the magnetic side of the device, and “20W” is displayed on the non-magnetic side. Model PPCXM06 measures about 4 in. x 2-½ in. x 0.64 in., and model PPCXW06 measures about 4 in. x 2-½ in. x ½ in. Only power banks with model numbers PPCXM06 and PPCXW06 are part of this recall. Some power banks were listed on Amazon under the model number PPXCW06.&nbsp;Note: Recalled lithium-ion batteries should be disposed of in accordance with local and state ordinances, following the procedures established by your municipal recycling center for damaged/defective/recalled lithium batteries, because these potentially hazardous batteries must be handled differently than other batteries. Do not throw this recalled battery in the trash. Do not deposit this recalled battery in used battery recycling boxes found at various retail and home improvement stores.","The lithium-ion battery in the power banks can overheat, posing a fire hazard.",,,Refund,"About 132,000","Baseus has received 171 reports of incidents, including 132 reports of bulging or swelling batteries and 39 reports of fires, resulting in 13 burn injuries and about $20,000 in property damage.","Consumers should immediately stop using the recalled Baseus power bank models, and contact Baseus for a full refund with proof of purchase, or a $36 cash refund without proof of purchase. Consumers will need to submit a photo of the recalled power bank showing the model number to the firm’s&nbsp;recall registration page.&nbsp;Consumers without an order number will need to submit a photo of the power bank with their name and the date written in permanent marker. Baseus and Amazon are notifying all known purchasers directly. Consumers should dispose of the battery in accordance with local and state regulations.","Sold At","Online at Amazon.com, AliExpress.com and Baseus.com from April 2022 through April 2024 for between $18 and $55.&nbsp;","Shenzhen Baseus Technology Co. Ltd., of China",,,China,,
24271,,"June 20, 2024",,"myCharge Recalls POWER HUB All-In-One Portable Chargers Due to Fire and Burn Hazards; Sold Exclusively at Costco","myCharge POWER HUB All-In-One 10,000mAh portable chargers","This recall involves myCharge POWER HUB All-In-One 10,000mAh portable chargers with model numbers AO10FK-A, AO10FK-B, and AO10FK-C. The portable chargers are black and include two attached cables for charging portable electronic devices, and retractable wall prongs to recharge the power bank. “myCharge” is printed on the front surface along the long edge. The model number is printed on the back.The recalled portable chargers have a date code printed on the outer surface of the wall prong. Date codes are a 4-digit number in the WWYY format, where WW is the sequential week of the year and YY is the last two digits of the manufacturing year. Date codes included in this recall end with 21 or 22, or are one of the following four date codes ending in 23: 0123, 0923, 1523, or 1723.Note: Recalled lithium-ion batteries should be disposed of in accordance with any local and state ordinances, following the procedures established by your municipal recycling center for damaged/defective/recalled lithium batteries, because these potentially hazardous batteries must be handled differently than other batteries. Do not throw this recalled battery in the trash. Do not deposit this recalled battery in used battery recycling boxes found at various retail and home improvement stores.","The recalled portable chargers can overheat while charging, posing fire and burn hazards.",,,Replace,"About 567,000","There have been a total of 120 reports involving the portable chargers overheating. myCharge received five reports of incidents, including two reports of residential fires, resulting in approximately $165,000 in reported property damage; and Costco received 115 returns of the portable chargers, mentioning melting, expanding, smoking, fire, burning, exploding, or sparking. There have been no reports of injuries requiring medical attention.","Consumers should immediately stop using the recalled portable chargers, and contact myCharge for a free replacement portable charger.","Sold At","Exclusively at Costco stores nationwide and online at Costco.com from July 2021 through November 2023 for about $40.","RFA Brands LLC, d/b/a myCharge, of Birmingham, Michigan",,,China,,
24190,,"April 11, 2024",,"Yoto Recalls Yoto Mini Speakers for Children Due to Burn and Fire Hazards","Yoto Mini speakers","This recall involves the Yoto Mini, a portable connected screen-free speaker intended for children ages three to twelve. The Yoto Mini is operated by use of Yoto cards and is designed to play audiobooks, music, radio, and podcasts. The speakers are pale gray with orange tactile controls and a pixel display. The model name Yoto Mini, SKU PRPLXX00860, and serial number are located on the base of the product. The recalled Yoto Mini was sold with a charging cable included, but no adaptor or charger.","The speaker’s lithium-ion battery can overheat and catch fire, posing burn and fire hazards to consumers.",,,Repair,"About 251,165 (In addition, about 18,932 were sold in Canada)","Yoto has received six reports from U.S. consumers and one from a UK consumer of the speaker overheating or melting. No injuries have been reported.","Consumers should immediately stop using the recalled speakers, take them away from children, and contact Yoto to receive a free replacement smart charging cable. Consumers can send a photograph of the old cable cut through the middle to receive a new replacement cord.","Sold At","Online at us.yotoplay.com, Amazon.com, Target.com and maisonette.com, and in toy and gift stores nationwide from November 2021 through April 2024 for about $70.","Yoto Inc., of New York",,,China,,
24149,,"March 07, 2024",,"Yamaha Corporation of America Recalls Power Adapters Due to Electrical Shock and Electrocution Hazards","Yamaha PA-10B AC Power Adapters","This recall involves Yamaha’s PA-10B AC Power Adapters with date codes ranging from 2126 to 2319. Yamaha is printed on the front of the black power adapter. The date code is printed on the back. Yamaha’s PA-10B AC Power Adapter was bundled with five Yamaha analog mixing console models – MG10, MG10X CV, MG10XU, MG10XUF, and MG12XUK – and sold as a stand-alone replacement part.&nbsp; Only Yamaha’s PA-10B AC Power Adapter is being recalled","A crack can occur between the PA-10B AC Power Adapter’s upper and lower cases.&nbsp; The upper and lower cases can separate completely and expose electrical wiring, posing electrical shock and electrocution hazards to consumers.",,,Replace,"About 34,500","None reported","Consumers should immediately stop using the PA-10B AC Power Adapter and contact Yamaha for a free replacement. Yamaha will provide a free replacement AC Power Adapter to any consumer who purchased a Yamaha mixing console that contained a defective PA-10B AC Power Adapter and/or purchased a defective PA-10B AC Power Adapter as a stand-alone replacement part.","Sold At","Guitar Center, Amazon.com, Sweetwater Sound, Sam Ash, Musicians Friend, B &amp; H Foto &amp; Electronics, American Musical Supply, and other independent, authorized Yamaha professional audio stores nationwide; and directly by Yamaha online at www.usa.yamaha.com and www.shop.usa.yamaha.com/ from June 2021 through November 2023 for about $60.","Yamaha Corporation of America, of Buena Park, California","Yamaha Corporation, of Japan",,China,,
24132,,"February 29, 2024",,"Vernier Science Education Recalls “Go Direct” Charge Stations Due to Burn Hazard","Vernier Go Direct® Charge Stations","This recall involves the Vernier Go Direct Charge Station, which supports the Go Direct line of wireless sensors containing rechargeable batteries. The Vernier Go Direct sensors are widely used in educational settings by teachers and students to conduct a variety of science experiments, including collecting data on temperature measurements, O2 levels, CO2 levels, pH values, and more. The Vernier Go Direct Charge Stations can charge&nbsp;up to 16 Vernier Go Direct sensors at the same time — 8 via USB and 8 via Go Direct wand-style sensor ports. The product is marked as “Go Direct® Charging Station” and can be identified by the order code GDX-CRG and model number GDXCRG2617R1, found on a label located at the bottom of the Charge Station. This product may have been purchased individually or as a part of a Teacher Pack of sensors with order codes GDX-TMP-TP or GDX-PH-TP.&nbsp;","The recalled charge station can overheat, posing a burn hazard to consumers.",,,Repair,"About 15,000","The firm has received two reports of the chargers overheating. No injuries have been reported.","Consumers should immediately stop using the Vernier Go Direct Charge Station, and contact Vernier to receive instructions on how to return their charge station for a free repair. Vernier is contacting all known purchasers directly.&nbsp;","Sold At","Online at Vernier.com, www.fishersci.com, www.flinnsci.com, and www.us.vwr.com from November 2017 through December 2023 for between $90 and $930, depending on whether it was purchased individually or as part of a Teacher Pack.&nbsp;","Vernier Science Education, of Beaverton, Oregon   ",,,Taiwan,,
24125,,"February 22, 2024",,"IKEA Recalls USB Chargers Due to Burn and Electric Shock Hazards","ÅSKSTORM 40W USB Chargers","This recall involves IKEA ÅSKSTORM 40W USB Chargers. The product consists of a charger and a detachable power cord with a C7 connector and a plug. Model number ICPSW5-40-1 is printed on the label on the back side of the gray USB charger.","The USB charger’s cable&nbsp;can become damaged or break over time, posing burn and electric shock hazards.",,,Refund,"About 22,600 (In addition, about 10,250 were sold in Canada)","IKEA has received 17 incident reports globally, including five reports of burns and four reports of electric shock. No incidents or injuries have been reported in the U.S.","Consumers should immediately stop using the recalled chargers and return the charger to any IKEA store for a full refund; or, if you are unable to return it to a store, contact IKEA for instructions on how to dispose of the ÅSKSTORM 40W USB Chargers to receive a full refund.&nbsp;Proof of purchase (receipt) is not required to receive a full refund.","Sold At","IKEA stores nationwide and online at IKEA.com from April 2020 through December 2023 for about $30.","IKEA Supply AG, of Switzerland",,,China,Retailer:,"IKEA US Retail LLC, of Virginia"
